{"cameraMode":{"drawMode":0,"name":"Shaded","section":"Shading Mode"},"sceneLighting":true,"audioPlay":false,"sceneViewState":{"m_AlwaysRefresh":false,"showFog":true,"showSkybox":true,"showFlares":true,"showImageEffects":true,"showParticleSystems":true,"showVisualEffectGraphs":true,"m_FxEnabled":true},"in2DMode":false,"pivot":{"x":14.009594917297364,"y":-3.9093499183654787,"z":51.23088073730469},"rotation":{"x":-0.22059355676174165,"y":-0.30328819155693056,"z":0.07243034243583679,"w":-0.9242246150970459},"size":53.19871520996094,"orthographic":false}