{"cameraMode":{"drawMode":0,"name":"Shaded","section":"Shading Mode"},"sceneLighting":true,"audioPlay":false,"sceneViewState":{"m_AlwaysRefresh":false,"showFog":true,"showSkybox":true,"showFlares":true,"showImageEffects":true,"showParticleSystems":true,"showVisualEffectGraphs":true,"m_FxEnabled":true},"in2DMode":false,"pivot":{"x":-1.6396480798721314,"y":1.8810348510742188,"z":-2.2474732398986818},"rotation":{"x":-0.22217272222042085,"y":-0.21495451033115388,"z":0.05032283812761307,"w":-0.9497280120849609},"size":0.7440821528434753,"orthographic":false}