{"cameraMode":{"drawMode":0,"name":"Shaded","section":"Shading Mode"},"sceneLighting":true,"audioPlay":false,"sceneViewState":{"m_AlwaysRefresh":false,"showFog":true,"showSkybox":true,"showFlares":true,"showImageEffects":true,"showParticleSystems":true,"showVisualEffectGraphs":true,"m_FxEnabled":true},"in2DMode":false,"pivot":{"x":0.42673200368881228,"y":0.0381903275847435,"z":-7.386338710784912},"rotation":{"x":-0.0010615447536110879,"y":-0.9984714388847351,"z":0.051275767385959628,"w":-0.02068018913269043},"size":4.862341403961182,"orthographic":false}