{"cameraMode":{"drawMode":0,"name":"Shaded","section":"Shading Mode"},"sceneLighting":true,"audioPlay":false,"sceneViewState":{"m_AlwaysRefresh":false,"showFog":true,"showSkybox":true,"showFlares":true,"showImageEffects":true,"showParticleSystems":true,"showVisualEffectGraphs":true,"m_FxEnabled":true},"in2DMode":false,"pivot":{"x":-1.1766870021820069,"y":5.761536598205566,"z":-8.422825813293457},"rotation":{"x":-0.09167496860027313,"y":0.01435073558241129,"z":-0.0012794329086318613,"w":-0.9957406520843506},"size":0.14681337773799897,"orthographic":false}